cohort_month,month,months_since_signup,cohort_customers,active_customers,retention_rate_pct
2022-01,2022-01,0,5,5,100.0
2022-01,2022-02,1,5,5,100.0
2022-01,2022-03,2,5,5,100.0
2022-01,2022-04,3,5,4,80.0
2022-01,2022-05,4,5,3,60.0
2022-01,2022-06,5,5,3,60.0
2022-01,2022-07,6,5,3,60.0
2022-01,2022-08,7,5,3,60.0
2022-01,2022-09,8,5,3,60.0
2022-01,2022-10,9,5,3,60.0
2022-01,2022-11,10,5,3,60.0
2022-01,2022-12,11,5,3,60.0
2022-01,2023-01,12,5,3,60.0
2022-01,2023-02,13,5,3,60.0
2022-01,2023-03,14,5,3,60.0
2022-01,2023-04,15,5,3,60.0
2022-01,2023-05,16,5,3,60.0
2022-01,2023-06,17,5,3,60.0
2022-01,2023-07,18,5,3,60.0
2022-01,2023-08,19,5,3,60.0
2022-01,2023-09,20,5,3,60.0
2022-01,2023-10,21,5,3,60.0
2022-01,2023-11,22,5,3,60.0
2022-01,2023-12,23,5,2,40.0
2022-01,2024-01,24,5,2,40.0
2022-01,2024-02,25,5,2,40.0
2022-01,2024-03,26,5,2,40.0
2022-01,2024-04,27,5,2,40.0
2022-01,2024-05,28,5,2,40.0
2022-01,2024-06,29,5,2,40.0
2022-01,2024-07,30,5,2,40.0
2022-01,2024-08,31,5,2,40.0
2022-01,2024-09,32,5,2,40.0
2022-01,2024-10,33,5,2,40.0
2022-01,2024-11,34,5,2,40.0
2022-01,2024-12,35,5,2,40.0
2022-01,2025-01,36,5,2,40.0
2022-01,2025-02,37,5,2,40.0
2022-01,2025-03,38,5,2,40.0
2022-01,2025-04,39,5,2,40.0
2022-01,2025-05,40,5,2,40.0
2022-01,2025-06,41,5,2,40.0
2022-01,2025-07,42,5,2,40.0
2022-01,2025-08,43,5,2,40.0
2022-01,2025-09,44,5,2,40.0
2022-01,2025-10,45,5,2,40.0
2022-01,2025-11,46,5,2,40.0
2022-01,2025-12,47,5,2,40.0
2022-02,2022-02,0,10,9,90.0
2022-02,2022-03,1,10,9,90.0
2022-02,2022-04,2,10,9,90.0
2022-02,2022-05,3,10,9,90.0
2022-02,2022-06,4,10,9,90.0
2022-02,2022-07,5,10,8,80.0
2022-02,2022-08,6,10,6,60.0
2022-02,2022-09,7,10,5,50.0
2022-02,2022-10,8,10,4,40.0
2022-02,2022-11,9,10,4,40.0
2022-02,2022-12,10,10,4,40.0
2022-02,2023-01,11,10,4,40.0
2022-02,2023-02,12,10,4,40.0
2022-02,2023-03,13,10,4,40.0
2022-02,2023-04,14,10,4,40.0
2022-02,2023-05,15,10,4,40.0
2022-02,2023-06,16,10,4,40.0
2022-02,2023-07,17,10,4,40.0
2022-02,2023-08,18,10,4,40.0
2022-02,2023-09,19,10,4,40.0
2022-02,2023-10,20,10,4,40.0
2022-02,2023-11,21,10,4,40.0
2022-02,2023-12,22,10,4,40.0
2022-02,2024-01,23,10,4,40.0
2022-02,2024-02,24,10,4,40.0
2022-02,2024-03,25,10,4,40.0
2022-02,2024-04,26,10,4,40.0
2022-02,2024-05,27,10,4,40.0
2022-02,2024-06,28,10,3,30.0
2022-02,2024-07,29,10,3,30.0
2022-02,2024-08,30,10,3,30.0
2022-02,2024-09,31,10,3,30.0
2022-02,2024-10,32,10,3,30.0
2022-02,2024-11,33,10,3,30.0
2022-02,2024-12,34,10,3,30.0
2022-02,2025-01,35,10,3,30.0
2022-02,2025-02,36,10,3,30.0
2022-02,2025-03,37,10,3,30.0
2022-02,2025-04,38,10,3,30.0
2022-02,2025-05,39,10,3,30.0
2022-02,2025-06,40,10,3,30.0
2022-02,2025-07,41,10,2,20.0
2022-02,2025-08,42,10,2,20.0
2022-02,2025-09,43,10,2,20.0
2022-02,2025-10,44,10,2,20.0
2022-02,2025-11,45,10,2,20.0
2022-02,2025-12,46,10,2,20.0
2022-03,2022-03,0,13,13,100.0
2022-03,2022-04,1,13,11,84.62
2022-03,2022-05,2,13,11,84.62
2022-03,2022-06,3,13,11,84.62
2022-03,2022-07,4,13,11,84.62
2022-03,2022-08,5,13,11,84.62
2022-03,2022-09,6,13,11,84.62
2022-03,2022-10,7,13,11,84.62
2022-03,2022-11,8,13,9,69.23
2022-03,2022-12,9,13,9,69.23
2022-03,2023-01,10,13,9,69.23
2022-03,2023-02,11,13,9,69.23
2022-03,2023-03,12,13,9,69.23
2022-03,2023-04,13,13,8,61.54
2022-03,2023-05,14,13,8,61.54
2022-03,2023-06,15,13,7,53.85
2022-03,2023-07,16,13,7,53.85
2022-03,2023-08,17,13,7,53.85
2022-03,2023-09,18,13,6,46.15
2022-03,2023-10,19,13,6,46.15
2022-03,2023-11,20,13,6,46.15
2022-03,2023-12,21,13,6,46.15
2022-03,2024-01,22,13,6,46.15
2022-03,2024-02,23,13,5,38.46
2022-03,2024-03,24,13,5,38.46
2022-03,2024-04,25,13,5,38.46
2022-03,2024-05,26,13,5,38.46
2022-03,2024-06,27,13,5,38.46
2022-03,2024-07,28,13,5,38.46
2022-03,2024-08,29,13,5,38.46
2022-03,2024-09,30,13,5,38.46
2022-03,2024-10,31,13,5,38.46
2022-03,2024-11,32,13,5,38.46
2022-03,2024-12,33,13,5,38.46
2022-03,2025-01,34,13,5,38.46
2022-03,2025-02,35,13,4,30.77
2022-03,2025-03,36,13,4,30.77
2022-03,2025-04,37,13,4,30.77
2022-03,2025-05,38,13,4,30.77
2022-03,2025-06,39,13,4,30.77
2022-03,2025-07,40,13,4,30.77
2022-03,2025-08,41,13,4,30.77
2022-03,2025-09,42,13,4,30.77
2022-03,2025-10,43,13,4,30.77
2022-03,2025-11,44,13,4,30.77
2022-03,2025-12,45,13,4,30.77
2022-04,2022-04,0,11,11,100.0
2022-04,2022-05,1,11,11,100.0
2022-04,2022-06,2,11,11,100.0
2022-04,2022-07,3,11,8,72.73
2022-04,2022-08,4,11,7,63.64
2022-04,2022-09,5,11,7,63.64
2022-04,2022-10,6,11,7,63.64
2022-04,2022-11,7,11,7,63.64
2022-04,2022-12,8,11,7,63.64
2022-04,2023-01,9,11,7,63.64
2022-04,2023-02,10,11,7,63.64
2022-04,2023-03,11,11,7,63.64
2022-04,2023-04,12,11,7,63.64
2022-04,2023-05,13,11,7,63.64
2022-04,2023-06,14,11,7,63.64
2022-04,2023-07,15,11,6,54.55
2022-04,2023-08,16,11,6,54.55
2022-04,2023-09,17,11,6,54.55
2022-04,2023-10,18,11,6,54.55
2022-04,2023-11,19,11,6,54.55
2022-04,2023-12,20,11,6,54.55
2022-04,2024-01,21,11,6,54.55
2022-04,2024-02,22,11,6,54.55
2022-04,2024-03,23,11,6,54.55
2022-04,2024-04,24,11,5,45.45
2022-04,2024-05,25,11,5,45.45
2022-04,2024-06,26,11,5,45.45
2022-04,2024-07,27,11,5,45.45
2022-04,2024-08,28,11,4,36.36
2022-04,2024-09,29,11,3,27.27
2022-04,2024-10,30,11,3,27.27
2022-04,2024-11,31,11,3,27.27
2022-04,2024-12,32,11,3,27.27
2022-04,2025-01,33,11,3,27.27
2022-04,2025-02,34,11,3,27.27
2022-04,2025-03,35,11,3,27.27
2022-04,2025-04,36,11,3,27.27
2022-04,2025-05,37,11,3,27.27
2022-04,2025-06,38,11,3,27.27
2022-04,2025-07,39,11,3,27.27
2022-04,2025-08,40,11,3,27.27
2022-04,2025-09,41,11,2,18.18
2022-04,2025-10,42,11,2,18.18
2022-04,2025-11,43,11,2,18.18
2022-04,2025-12,44,11,2,18.18
2022-05,2022-05,0,11,11,100.0
2022-05,2022-06,1,11,10,90.91
2022-05,2022-07,2,11,8,72.73
2022-05,2022-08,3,11,7,63.64
2022-05,2022-09,4,11,6,54.55
2022-05,2022-10,5,11,6,54.55
2022-05,2022-11,6,11,6,54.55
2022-05,2022-12,7,11,5,45.45
2022-05,2023-01,8,11,4,36.36
2022-05,2023-02,9,11,4,36.36
2022-05,2023-03,10,11,4,36.36
2022-05,2023-04,11,11,4,36.36
2022-05,2023-05,12,11,4,36.36
2022-05,2023-06,13,11,3,27.27
2022-05,2023-07,14,11,3,27.27
2022-05,2023-08,15,11,2,18.18
2022-05,2023-09,16,11,2,18.18
2022-05,2023-10,17,11,2,18.18
2022-05,2023-11,18,11,1,9.09
2022-05,2023-12,19,11,1,9.09
2022-05,2024-01,20,11,1,9.09
2022-05,2024-02,21,11,1,9.09
2022-05,2024-03,22,11,1,9.09
2022-05,2024-04,23,11,1,9.09
2022-05,2024-05,24,11,1,9.09
2022-05,2024-06,25,11,1,9.09
2022-05,2024-07,26,11,1,9.09
2022-05,2024-08,27,11,1,9.09
2022-05,2024-09,28,11,1,9.09
2022-05,2024-10,29,11,1,9.09
2022-05,2024-11,30,11,1,9.09
2022-05,2024-12,31,11,1,9.09
2022-05,2025-01,32,11,1,9.09
2022-05,2025-02,33,11,1,9.09
2022-05,2025-03,34,11,1,9.09
2022-05,2025-04,35,11,1,9.09
2022-05,2025-05,36,11,1,9.09
2022-05,2025-06,37,11,1,9.09
2022-05,2025-07,38,11,1,9.09
2022-05,2025-08,39,11,1,9.09
2022-05,2025-09,40,11,0,0.0
2022-05,2025-10,41,11,0,0.0
2022-05,2025-11,42,11,0,0.0
2022-05,2025-12,43,11,0,0.0
2022-06,2022-06,0,10,9,90.0
2022-06,2022-07,1,10,9,90.0
2022-06,2022-08,2,10,8,80.0
2022-06,2022-09,3,10,8,80.0
2022-06,2022-10,4,10,7,70.0
2022-06,2022-11,5,10,7,70.0
2022-06,2022-12,6,10,7,70.0
2022-06,2023-01,7,10,6,60.0
2022-06,2023-02,8,10,6,60.0
2022-06,2023-03,9,10,6,60.0
2022-06,2023-04,10,10,6,60.0
2022-06,2023-05,11,10,6,60.0
2022-06,2023-06,12,10,6,60.0
2022-06,2023-07,13,10,6,60.0
2022-06,2023-08,14,10,6,60.0
2022-06,2023-09,15,10,6,60.0
2022-06,2023-10,16,10,6,60.0
2022-06,2023-11,17,10,6,60.0
2022-06,2023-12,18,10,5,50.0
2022-06,2024-01,19,10,5,50.0
2022-06,2024-02,20,10,5,50.0
2022-06,2024-03,21,10,4,40.0
2022-06,2024-04,22,10,3,30.0
2022-06,2024-05,23,10,3,30.0
2022-06,2024-06,24,10,2,20.0
2022-06,2024-07,25,10,2,20.0
2022-06,2024-08,26,10,2,20.0
2022-06,2024-09,27,10,2,20.0
2022-06,2024-10,28,10,2,20.0
2022-06,2024-11,29,10,2,20.0
2022-06,2024-12,30,10,1,10.0
2022-06,2025-01,31,10,1,10.0
2022-06,2025-02,32,10,1,10.0
2022-06,2025-03,33,10,1,10.0
2022-06,2025-04,34,10,1,10.0
2022-06,2025-05,35,10,1,10.0
2022-06,2025-06,36,10,1,10.0
2022-06,2025-07,37,10,1,10.0
2022-06,2025-08,38,10,1,10.0
2022-06,2025-09,39,10,1,10.0
2022-06,2025-10,40,10,1,10.0
2022-06,2025-11,41,10,1,10.0
2022-06,2025-12,42,10,1,10.0
2022-07,2022-07,0,8,8,100.0
2022-07,2022-08,1,8,8,100.0
2022-07,2022-09,2,8,8,100.0
2022-07,2022-10,3,8,6,75.0
2022-07,2022-11,4,8,6,75.0
2022-07,2022-12,5,8,6,75.0
2022-07,2023-01,6,8,6,75.0
2022-07,2023-02,7,8,6,75.0
2022-07,2023-03,8,8,6,75.0
2022-07,2023-04,9,8,6,75.0
2022-07,2023-05,10,8,6,75.0
2022-07,2023-06,11,8,6,75.0
2022-07,2023-07,12,8,6,75.0
2022-07,2023-08,13,8,6,75.0
2022-07,2023-09,14,8,6,75.0
2022-07,2023-10,15,8,6,75.0
2022-07,2023-11,16,8,6,75.0
2022-07,2023-12,17,8,6,75.0
2022-07,2024-01,18,8,6,75.0
2022-07,2024-02,19,8,6,75.0
2022-07,2024-03,20,8,6,75.0
2022-07,2024-04,21,8,6,75.0
2022-07,2024-05,22,8,4,50.0
2022-07,2024-06,23,8,4,50.0
2022-07,2024-07,24,8,3,37.5
2022-07,2024-08,25,8,3,37.5
2022-07,2024-09,26,8,3,37.5
2022-07,2024-10,27,8,3,37.5
2022-07,2024-11,28,8,3,37.5
2022-07,2024-12,29,8,3,37.5
2022-07,2025-01,30,8,3,37.5
2022-07,2025-02,31,8,3,37.5
2022-07,2025-03,32,8,3,37.5
2022-07,2025-04,33,8,3,37.5
2022-07,2025-05,34,8,3,37.5
2022-07,2025-06,35,8,3,37.5
2022-07,2025-07,36,8,3,37.5
2022-07,2025-08,37,8,3,37.5
2022-07,2025-09,38,8,2,25.0
2022-07,2025-10,39,8,2,25.0
2022-07,2025-11,40,8,2,25.0
2022-07,2025-12,41,8,2,25.0
2022-08,2022-08,0,18,17,94.44
2022-08,2022-09,1,18,14,77.78
2022-08,2022-10,2,18,14,77.78
2022-08,2022-11,3,18,14,77.78
2022-08,2022-12,4,18,13,72.22
2022-08,2023-01,5,18,13,72.22
2022-08,2023-02,6,18,13,72.22
2022-08,2023-03,7,18,13,72.22
2022-08,2023-04,8,18,13,72.22
2022-08,2023-05,9,18,13,72.22
2022-08,2023-06,10,18,13,72.22
2022-08,2023-07,11,18,13,72.22
2022-08,2023-08,12,18,12,66.67
2022-08,2023-09,13,18,12,66.67
2022-08,2023-10,14,18,12,66.67
2022-08,2023-11,15,18,11,61.11
2022-08,2023-12,16,18,10,55.56
2022-08,2024-01,17,18,10,55.56
2022-08,2024-02,18,18,10,55.56
2022-08,2024-03,19,18,10,55.56
2022-08,2024-04,20,18,10,55.56
2022-08,2024-05,21,18,9,50.0
2022-08,2024-06,22,18,9,50.0
2022-08,2024-07,23,18,9,50.0
2022-08,2024-08,24,18,9,50.0
2022-08,2024-09,25,18,9,50.0
2022-08,2024-10,26,18,9,50.0
2022-08,2024-11,27,18,9,50.0
2022-08,2024-12,28,18,8,44.44
2022-08,2025-01,29,18,8,44.44
2022-08,2025-02,30,18,8,44.44
2022-08,2025-03,31,18,8,44.44
2022-08,2025-04,32,18,8,44.44
2022-08,2025-05,33,18,8,44.44
2022-08,2025-06,34,18,8,44.44
2022-08,2025-07,35,18,8,44.44
2022-08,2025-08,36,18,8,44.44
2022-08,2025-09,37,18,8,44.44
2022-08,2025-10,38,18,8,44.44
2022-08,2025-11,39,18,8,44.44
2022-08,2025-12,40,18,8,44.44
2022-09,2022-09,0,13,13,100.0
2022-09,2022-10,1,13,13,100.0
2022-09,2022-11,2,13,12,92.31
2022-09,2022-12,3,13,12,92.31
2022-09,2023-01,4,13,11,84.62
2022-09,2023-02,5,13,11,84.62
2022-09,2023-03,6,13,10,76.92
2022-09,2023-04,7,13,9,69.23
2022-09,2023-05,8,13,9,69.23
2022-09,2023-06,9,13,9,69.23
2022-09,2023-07,10,13,8,61.54
2022-09,2023-08,11,13,8,61.54
2022-09,2023-09,12,13,8,61.54
2022-09,2023-10,13,13,8,61.54
2022-09,2023-11,14,13,8,61.54
2022-09,2023-12,15,13,8,61.54
2022-09,2024-01,16,13,8,61.54
2022-09,2024-02,17,13,8,61.54
2022-09,2024-03,18,13,7,53.85
2022-09,2024-04,19,13,7,53.85
2022-09,2024-05,20,13,7,53.85
2022-09,2024-06,21,13,7,53.85
2022-09,2024-07,22,13,7,53.85
2022-09,2024-08,23,13,7,53.85
2022-09,2024-09,24,13,7,53.85
2022-09,2024-10,25,13,7,53.85
2022-09,2024-11,26,13,7,53.85
2022-09,2024-12,27,13,7,53.85
2022-09,2025-01,28,13,6,46.15
2022-09,2025-02,29,13,6,46.15
2022-09,2025-03,30,13,6,46.15
2022-09,2025-04,31,13,6,46.15
2022-09,2025-05,32,13,5,38.46
2022-09,2025-06,33,13,5,38.46
2022-09,2025-07,34,13,5,38.46
2022-09,2025-08,35,13,5,38.46
2022-09,2025-09,36,13,5,38.46
2022-09,2025-10,37,13,5,38.46
2022-09,2025-11,38,13,5,38.46
2022-09,2025-12,39,13,5,38.46
2022-10,2022-10,0,16,15,93.75
2022-10,2022-11,1,16,15,93.75
2022-10,2022-12,2,16,15,93.75
2022-10,2023-01,3,16,15,93.75
2022-10,2023-02,4,16,15,93.75
2022-10,2023-03,5,16,15,93.75
2022-10,2023-04,6,16,14,87.5
2022-10,2023-05,7,16,14,87.5
2022-10,2023-06,8,16,13,81.25
2022-10,2023-07,9,16,12,75.0
2022-10,2023-08,10,16,12,75.0
2022-10,2023-09,11,16,12,75.0
2022-10,2023-10,12,16,12,75.0
2022-10,2023-11,13,16,12,75.0
2022-10,2023-12,14,16,12,75.0
2022-10,2024-01,15,16,11,68.75
2022-10,2024-02,16,16,10,62.5
2022-10,2024-03,17,16,10,62.5
2022-10,2024-04,18,16,8,50.0
2022-10,2024-05,19,16,8,50.0
2022-10,2024-06,20,16,7,43.75
2022-10,2024-07,21,16,7,43.75
2022-10,2024-08,22,16,7,43.75
2022-10,2024-09,23,16,7,43.75
2022-10,2024-10,24,16,7,43.75
2022-10,2024-11,25,16,6,37.5
2022-10,2024-12,26,16,5,31.25
2022-10,2025-01,27,16,5,31.25
2022-10,2025-02,28,16,5,31.25
2022-10,2025-03,29,16,4,25.0
2022-10,2025-04,30,16,4,25.0
2022-10,2025-05,31,16,4,25.0
2022-10,2025-06,32,16,4,25.0
2022-10,2025-07,33,16,4,25.0
2022-10,2025-08,34,16,4,25.0
2022-10,2025-09,35,16,3,18.75
2022-10,2025-10,36,16,3,18.75
2022-10,2025-11,37,16,3,18.75
2022-10,2025-12,38,16,3,18.75
2022-11,2022-11,0,14,12,85.71
2022-11,2022-12,1,14,12,85.71
2022-11,2023-01,2,14,12,85.71
2022-11,2023-02,3,14,11,78.57
2022-11,2023-03,4,14,10,71.43
2022-11,2023-04,5,14,10,71.43
2022-11,2023-05,6,14,9,64.29
2022-11,2023-06,7,14,9,64.29
2022-11,2023-07,8,14,9,64.29
2022-11,2023-08,9,14,8,57.14
2022-11,2023-09,10,14,7,50.0
2022-11,2023-10,11,14,6,42.86
2022-11,2023-11,12,14,6,42.86
2022-11,2023-12,13,14,6,42.86
2022-11,2024-01,14,14,5,35.71
2022-11,2024-02,15,14,5,35.71
2022-11,2024-03,16,14,5,35.71
2022-11,2024-04,17,14,5,35.71
2022-11,2024-05,18,14,5,35.71
2022-11,2024-06,19,14,5,35.71
2022-11,2024-07,20,14,5,35.71
2022-11,2024-08,21,14,5,35.71
2022-11,2024-09,22,14,5,35.71
2022-11,2024-10,23,14,5,35.71
2022-11,2024-11,24,14,5,35.71
2022-11,2024-12,25,14,5,35.71
2022-11,2025-01,26,14,5,35.71
2022-11,2025-02,27,14,5,35.71
2022-11,2025-03,28,14,5,35.71
2022-11,2025-04,29,14,5,35.71
2022-11,2025-05,30,14,4,28.57
2022-11,2025-06,31,14,4,28.57
2022-11,2025-07,32,14,4,28.57
2022-11,2025-08,33,14,4,28.57
2022-11,2025-09,34,14,3,21.43
2022-11,2025-10,35,14,3,21.43
2022-11,2025-11,36,14,3,21.43
2022-11,2025-12,37,14,3,21.43
2022-12,2022-12,0,14,14,100.0
2022-12,2023-01,1,14,13,92.86
2022-12,2023-02,2,14,12,85.71
2022-12,2023-03,3,14,12,85.71
2022-12,2023-04,4,14,9,64.29
2022-12,2023-05,5,14,8,57.14
2022-12,2023-06,6,14,7,50.0
2022-12,2023-07,7,14,7,50.0
2022-12,2023-08,8,14,6,42.86
2022-12,2023-09,9,14,6,42.86
2022-12,2023-10,10,14,6,42.86
2022-12,2023-11,11,14,4,28.57
2022-12,2023-12,12,14,4,28.57
2022-12,2024-01,13,14,4,28.57
2022-12,2024-02,14,14,4,28.57
2022-12,2024-03,15,14,4,28.57
2022-12,2024-04,16,14,4,28.57
2022-12,2024-05,17,14,4,28.57
2022-12,2024-06,18,14,4,28.57
2022-12,2024-07,19,14,4,28.57
2022-12,2024-08,20,14,4,28.57
2022-12,2024-09,21,14,4,28.57
2022-12,2024-10,22,14,4,28.57
2022-12,2024-11,23,14,3,21.43
2022-12,2024-12,24,14,3,21.43
2022-12,2025-01,25,14,3,21.43
2022-12,2025-02,26,14,3,21.43
2022-12,2025-03,27,14,2,14.29
2022-12,2025-04,28,14,2,14.29
2022-12,2025-05,29,14,2,14.29
2022-12,2025-06,30,14,2,14.29
2022-12,2025-07,31,14,2,14.29
2022-12,2025-08,32,14,2,14.29
2022-12,2025-09,33,14,2,14.29
2022-12,2025-10,34,14,2,14.29
2022-12,2025-11,35,14,2,14.29
2022-12,2025-12,36,14,2,14.29
2023-01,2023-01,0,12,12,100.0
2023-01,2023-02,1,12,12,100.0
2023-01,2023-03,2,12,12,100.0
2023-01,2023-04,3,12,11,91.67
2023-01,2023-05,4,12,11,91.67
2023-01,2023-06,5,12,9,75.0
2023-01,2023-07,6,12,9,75.0
2023-01,2023-08,7,12,9,75.0
2023-01,2023-09,8,12,9,75.0
2023-01,2023-10,9,12,9,75.0
2023-01,2023-11,10,12,9,75.0
2023-01,2023-12,11,12,9,75.0
2023-01,2024-01,12,12,8,66.67
2023-01,2024-02,13,12,8,66.67
2023-01,2024-03,14,12,8,66.67
2023-01,2024-04,15,12,8,66.67
2023-01,2024-05,16,12,8,66.67
2023-01,2024-06,17,12,8,66.67
2023-01,2024-07,18,12,8,66.67
2023-01,2024-08,19,12,7,58.33
2023-01,2024-09,20,12,7,58.33
2023-01,2024-10,21,12,7,58.33
2023-01,2024-11,22,12,7,58.33
2023-01,2024-12,23,12,7,58.33
2023-01,2025-01,24,12,7,58.33
2023-01,2025-02,25,12,6,50.0
2023-01,2025-03,26,12,6,50.0
2023-01,2025-04,27,12,6,50.0
2023-01,2025-05,28,12,6,50.0
2023-01,2025-06,29,12,5,41.67
2023-01,2025-07,30,12,4,33.33
2023-01,2025-08,31,12,4,33.33
2023-01,2025-09,32,12,3,25.0
2023-01,2025-10,33,12,3,25.0
2023-01,2025-11,34,12,3,25.0
2023-01,2025-12,35,12,3,25.0
2023-02,2023-02,0,10,9,90.0
2023-02,2023-03,1,10,9,90.0
2023-02,2023-04,2,10,9,90.0
2023-02,2023-05,3,10,8,80.0
2023-02,2023-06,4,10,8,80.0
2023-02,2023-07,5,10,8,80.0
2023-02,2023-08,6,10,7,70.0
2023-02,2023-09,7,10,7,70.0
2023-02,2023-10,8,10,7,70.0
2023-02,2023-11,9,10,7,70.0
2023-02,2023-12,10,10,7,70.0
2023-02,2024-01,11,10,7,70.0
2023-02,2024-02,12,10,7,70.0
2023-02,2024-03,13,10,7,70.0
2023-02,2024-04,14,10,7,70.0
2023-02,2024-05,15,10,7,70.0
2023-02,2024-06,16,10,7,70.0
2023-02,2024-07,17,10,7,70.0
2023-02,2024-08,18,10,7,70.0
2023-02,2024-09,19,10,7,70.0
2023-02,2024-10,20,10,7,70.0
2023-02,2024-11,21,10,7,70.0
2023-02,2024-12,22,10,7,70.0
2023-02,2025-01,23,10,7,70.0
2023-02,2025-02,24,10,7,70.0
2023-02,2025-03,25,10,7,70.0
2023-02,2025-04,26,10,7,70.0
2023-02,2025-05,27,10,7,70.0
2023-02,2025-06,28,10,7,70.0
2023-02,2025-07,29,10,7,70.0
2023-02,2025-08,30,10,6,60.0
2023-02,2025-09,31,10,4,40.0
2023-02,2025-10,32,10,3,30.0
2023-02,2025-11,33,10,3,30.0
2023-02,2025-12,34,10,3,30.0
2023-03,2023-03,0,5,5,100.0
2023-03,2023-04,1,5,5,100.0
2023-03,2023-05,2,5,5,100.0
2023-03,2023-06,3,5,5,100.0
2023-03,2023-07,4,5,5,100.0
2023-03,2023-08,5,5,5,100.0
2023-03,2023-09,6,5,5,100.0
2023-03,2023-10,7,5,5,100.0
2023-03,2023-11,8,5,5,100.0
2023-03,2023-12,9,5,5,100.0
2023-03,2024-01,10,5,5,100.0
2023-03,2024-02,11,5,5,100.0
2023-03,2024-03,12,5,5,100.0
2023-03,2024-04,13,5,5,100.0
2023-03,2024-05,14,5,5,100.0
2023-03,2024-06,15,5,4,80.0
2023-03,2024-07,16,5,4,80.0
2023-03,2024-08,17,5,4,80.0
2023-03,2024-09,18,5,4,80.0
2023-03,2024-10,19,5,4,80.0
2023-03,2024-11,20,5,4,80.0
2023-03,2024-12,21,5,4,80.0
2023-03,2025-01,22,5,4,80.0
2023-03,2025-02,23,5,4,80.0
2023-03,2025-03,24,5,4,80.0
2023-03,2025-04,25,5,4,80.0
2023-03,2025-05,26,5,4,80.0
2023-03,2025-06,27,5,4,80.0
2023-03,2025-07,28,5,4,80.0
2023-03,2025-08,29,5,4,80.0
2023-03,2025-09,30,5,4,80.0
2023-03,2025-10,31,5,4,80.0
2023-03,2025-11,32,5,4,80.0
2023-03,2025-12,33,5,4,80.0
2023-04,2023-04,0,14,13,92.86
2023-04,2023-05,1,14,12,85.71
2023-04,2023-06,2,14,11,78.57
2023-04,2023-07,3,14,10,71.43
2023-04,2023-08,4,14,10,71.43
2023-04,2023-09,5,14,10,71.43
2023-04,2023-10,6,14,10,71.43
2023-04,2023-11,7,14,10,71.43
2023-04,2023-12,8,14,8,57.14
2023-04,2024-01,9,14,8,57.14
2023-04,2024-02,10,14,8,57.14
2023-04,2024-03,11,14,8,57.14
2023-04,2024-04,12,14,8,57.14
2023-04,2024-05,13,14,8,57.14
2023-04,2024-06,14,14,8,57.14
2023-04,2024-07,15,14,8,57.14
2023-04,2024-08,16,14,7,50.0
2023-04,2024-09,17,14,7,50.0
2023-04,2024-10,18,14,7,50.0
2023-04,2024-11,19,14,6,42.86
2023-04,2024-12,20,14,6,42.86
2023-04,2025-01,21,14,5,35.71
2023-04,2025-02,22,14,5,35.71
2023-04,2025-03,23,14,5,35.71
2023-04,2025-04,24,14,5,35.71
2023-04,2025-05,25,14,5,35.71
2023-04,2025-06,26,14,5,35.71
2023-04,2025-07,27,14,5,35.71
2023-04,2025-08,28,14,5,35.71
2023-04,2025-09,29,14,5,35.71
2023-04,2025-10,30,14,5,35.71
2023-04,2025-11,31,14,5,35.71
2023-04,2025-12,32,14,5,35.71
2023-05,2023-05,0,13,13,100.0
2023-05,2023-06,1,13,11,84.62
2023-05,2023-07,2,13,10,76.92
2023-05,2023-08,3,13,10,76.92
2023-05,2023-09,4,13,10,76.92
2023-05,2023-10,5,13,10,76.92
2023-05,2023-11,6,13,10,76.92
2023-05,2023-12,7,13,10,76.92
2023-05,2024-01,8,13,10,76.92
2023-05,2024-02,9,13,9,69.23
2023-05,2024-03,10,13,8,61.54
2023-05,2024-04,11,13,8,61.54
2023-05,2024-05,12,13,8,61.54
2023-05,2024-06,13,13,8,61.54
2023-05,2024-07,14,13,7,53.85
2023-05,2024-08,15,13,7,53.85
2023-05,2024-09,16,13,7,53.85
2023-05,2024-10,17,13,7,53.85
2023-05,2024-11,18,13,7,53.85
2023-05,2024-12,19,13,7,53.85
2023-05,2025-01,20,13,7,53.85
2023-05,2025-02,21,13,7,53.85
2023-05,2025-03,22,13,7,53.85
2023-05,2025-04,23,13,6,46.15
2023-05,2025-05,24,13,6,46.15
2023-05,2025-06,25,13,6,46.15
2023-05,2025-07,26,13,6,46.15
2023-05,2025-08,27,13,6,46.15
2023-05,2025-09,28,13,6,46.15
2023-05,2025-10,29,13,6,46.15
2023-05,2025-11,30,13,6,46.15
2023-05,2025-12,31,13,6,46.15
2023-06,2023-06,0,15,14,93.33
2023-06,2023-07,1,15,13,86.67
2023-06,2023-08,2,15,12,80.0
2023-06,2023-09,3,15,11,73.33
2023-06,2023-10,4,15,9,60.0
2023-06,2023-11,5,15,9,60.0
2023-06,2023-12,6,15,9,60.0
2023-06,2024-01,7,15,9,60.0
2023-06,2024-02,8,15,9,60.0
2023-06,2024-03,9,15,9,60.0
2023-06,2024-04,10,15,9,60.0
2023-06,2024-05,11,15,9,60.0
2023-06,2024-06,12,15,9,60.0
2023-06,2024-07,13,15,9,60.0
2023-06,2024-08,14,15,7,46.67
2023-06,2024-09,15,15,7,46.67
2023-06,2024-10,16,15,6,40.0
2023-06,2024-11,17,15,6,40.0
2023-06,2024-12,18,15,6,40.0
2023-06,2025-01,19,15,6,40.0
2023-06,2025-02,20,15,6,40.0
2023-06,2025-03,21,15,6,40.0
2023-06,2025-04,22,15,6,40.0
2023-06,2025-05,23,15,6,40.0
2023-06,2025-06,24,15,6,40.0
2023-06,2025-07,25,15,6,40.0
2023-06,2025-08,26,15,6,40.0
2023-06,2025-09,27,15,6,40.0
2023-06,2025-10,28,15,6,40.0
2023-06,2025-11,29,15,6,40.0
2023-06,2025-12,30,15,6,40.0
2023-07,2023-07,0,19,18,94.74
2023-07,2023-08,1,19,17,89.47
2023-07,2023-09,2,19,16,84.21
2023-07,2023-10,3,19,16,84.21
2023-07,2023-11,4,19,16,84.21
2023-07,2023-12,5,19,15,78.95
2023-07,2024-01,6,19,14,73.68
2023-07,2024-02,7,19,11,57.89
2023-07,2024-03,8,19,11,57.89
2023-07,2024-04,9,19,11,57.89
2023-07,2024-05,10,19,10,52.63
2023-07,2024-06,11,19,10,52.63
2023-07,2024-07,12,19,10,52.63
2023-07,2024-08,13,19,9,47.37
2023-07,2024-09,14,19,8,42.11
2023-07,2024-10,15,19,8,42.11
2023-07,2024-11,16,19,8,42.11
2023-07,2024-12,17,19,8,42.11
2023-07,2025-01,18,19,7,36.84
2023-07,2025-02,19,19,5,26.32
2023-07,2025-03,20,19,5,26.32
2023-07,2025-04,21,19,4,21.05
2023-07,2025-05,22,19,3,15.79
2023-07,2025-06,23,19,3,15.79
2023-07,2025-07,24,19,3,15.79
2023-07,2025-08,25,19,3,15.79
2023-07,2025-09,26,19,3,15.79
2023-07,2025-10,27,19,3,15.79
2023-07,2025-11,28,19,3,15.79
2023-07,2025-12,29,19,3,15.79
2023-08,2023-08,0,10,10,100.0
2023-08,2023-09,1,10,8,80.0
2023-08,2023-10,2,10,8,80.0
2023-08,2023-11,3,10,8,80.0
2023-08,2023-12,4,10,8,80.0
2023-08,2024-01,5,10,7,70.0
2023-08,2024-02,6,10,6,60.0
2023-08,2024-03,7,10,6,60.0
2023-08,2024-04,8,10,6,60.0
2023-08,2024-05,9,10,6,60.0
2023-08,2024-06,10,10,6,60.0
2023-08,2024-07,11,10,6,60.0
2023-08,2024-08,12,10,6,60.0
2023-08,2024-09,13,10,6,60.0
2023-08,2024-10,14,10,6,60.0
2023-08,2024-11,15,10,5,50.0
2023-08,2024-12,16,10,5,50.0
2023-08,2025-01,17,10,5,50.0
2023-08,2025-02,18,10,5,50.0
2023-08,2025-03,19,10,5,50.0
2023-08,2025-04,20,10,5,50.0
2023-08,2025-05,21,10,5,50.0
2023-08,2025-06,22,10,4,40.0
2023-08,2025-07,23,10,4,40.0
2023-08,2025-08,24,10,4,40.0
2023-08,2025-09,25,10,4,40.0
2023-08,2025-10,26,10,4,40.0
2023-08,2025-11,27,10,4,40.0
2023-08,2025-12,28,10,4,40.0
2023-09,2023-09,0,17,16,94.12
2023-09,2023-10,1,17,14,82.35
2023-09,2023-11,2,17,13,76.47
2023-09,2023-12,3,17,12,70.59
2023-09,2024-01,4,17,11,64.71
2023-09,2024-02,5,17,11,64.71
2023-09,2024-03,6,17,11,64.71
2023-09,2024-04,7,17,10,58.82
2023-09,2024-05,8,17,10,58.82
2023-09,2024-06,9,17,10,58.82
2023-09,2024-07,10,17,10,58.82
2023-09,2024-08,11,17,10,58.82
2023-09,2024-09,12,17,10,58.82
2023-09,2024-10,13,17,10,58.82
2023-09,2024-11,14,17,10,58.82
2023-09,2024-12,15,17,10,58.82
2023-09,2025-01,16,17,9,52.94
2023-09,2025-02,17,17,9,52.94
2023-09,2025-03,18,17,8,47.06
2023-09,2025-04,19,17,7,41.18
2023-09,2025-05,20,17,6,35.29
2023-09,2025-06,21,17,5,29.41
2023-09,2025-07,22,17,5,29.41
2023-09,2025-08,23,17,5,29.41
2023-09,2025-09,24,17,5,29.41
2023-09,2025-10,25,17,5,29.41
2023-09,2025-11,26,17,5,29.41
2023-09,2025-12,27,17,5,29.41
2023-10,2023-10,0,16,16,100.0
2023-10,2023-11,1,16,13,81.25
2023-10,2023-12,2,16,13,81.25
2023-10,2024-01,3,16,12,75.0
2023-10,2024-02,4,16,12,75.0
2023-10,2024-03,5,16,12,75.0
2023-10,2024-04,6,16,12,75.0
2023-10,2024-05,7,16,12,75.0
2023-10,2024-06,8,16,11,68.75
2023-10,2024-07,9,16,10,62.5
2023-10,2024-08,10,16,10,62.5
2023-10,2024-09,11,16,10,62.5
2023-10,2024-10,12,16,10,62.5
2023-10,2024-11,13,16,10,62.5
2023-10,2024-12,14,16,10,62.5
2023-10,2025-01,15,16,9,56.25
2023-10,2025-02,16,16,9,56.25
2023-10,2025-03,17,16,9,56.25
2023-10,2025-04,18,16,9,56.25
2023-10,2025-05,19,16,8,50.0
2023-10,2025-06,20,16,8,50.0
2023-10,2025-07,21,16,8,50.0
2023-10,2025-08,22,16,8,50.0
2023-10,2025-09,23,16,8,50.0
2023-10,2025-10,24,16,8,50.0
2023-10,2025-11,25,16,6,37.5
2023-10,2025-12,26,16,6,37.5
2023-11,2023-11,0,11,11,100.0
2023-11,2023-12,1,11,11,100.0
2023-11,2024-01,2,11,11,100.0
2023-11,2024-02,3,11,11,100.0
2023-11,2024-03,4,11,11,100.0
2023-11,2024-04,5,11,11,100.0
2023-11,2024-05,6,11,10,90.91
2023-11,2024-06,7,11,10,90.91
2023-11,2024-07,8,11,9,81.82
2023-11,2024-08,9,11,9,81.82
2023-11,2024-09,10,11,9,81.82
2023-11,2024-10,11,11,9,81.82
2023-11,2024-11,12,11,9,81.82
2023-11,2024-12,13,11,9,81.82
2023-11,2025-01,14,11,9,81.82
2023-11,2025-02,15,11,9,81.82
2023-11,2025-03,16,11,8,72.73
2023-11,2025-04,17,11,8,72.73
2023-11,2025-05,18,11,8,72.73
2023-11,2025-06,19,11,8,72.73
2023-11,2025-07,20,11,7,63.64
2023-11,2025-08,21,11,7,63.64
2023-11,2025-09,22,11,7,63.64
2023-11,2025-10,23,11,7,63.64
2023-11,2025-11,24,11,7,63.64
2023-11,2025-12,25,11,7,63.64
2023-12,2023-12,0,9,9,100.0
2023-12,2024-01,1,9,9,100.0
2023-12,2024-02,2,9,9,100.0
2023-12,2024-03,3,9,9,100.0
2023-12,2024-04,4,9,9,100.0
2023-12,2024-05,5,9,9,100.0
2023-12,2024-06,6,9,9,100.0
2023-12,2024-07,7,9,9,100.0
2023-12,2024-08,8,9,9,100.0
2023-12,2024-09,9,9,9,100.0
2023-12,2024-10,10,9,8,88.89
2023-12,2024-11,11,9,7,77.78
2023-12,2024-12,12,9,6,66.67
2023-12,2025-01,13,9,6,66.67
2023-12,2025-02,14,9,6,66.67
2023-12,2025-03,15,9,6,66.67
2023-12,2025-04,16,9,6,66.67
2023-12,2025-05,17,9,6,66.67
2023-12,2025-06,18,9,6,66.67
2023-12,2025-07,19,9,6,66.67
2023-12,2025-08,20,9,5,55.56
2023-12,2025-09,21,9,5,55.56
2023-12,2025-10,22,9,5,55.56
2023-12,2025-11,23,9,5,55.56
2023-12,2025-12,24,9,5,55.56
2024-01,2024-01,0,10,10,100.0
2024-01,2024-02,1,10,9,90.0
2024-01,2024-03,2,10,9,90.0
2024-01,2024-04,3,10,9,90.0
2024-01,2024-05,4,10,8,80.0
2024-01,2024-06,5,10,7,70.0
2024-01,2024-07,6,10,7,70.0
2024-01,2024-08,7,10,7,70.0
2024-01,2024-09,8,10,7,70.0
2024-01,2024-10,9,10,7,70.0
2024-01,2024-11,10,10,7,70.0
2024-01,2024-12,11,10,7,70.0
2024-01,2025-01,12,10,7,70.0
2024-01,2025-02,13,10,7,70.0
2024-01,2025-03,14,10,7,70.0
2024-01,2025-04,15,10,6,60.0
2024-01,2025-05,16,10,6,60.0
2024-01,2025-06,17,10,6,60.0
2024-01,2025-07,18,10,6,60.0
2024-01,2025-08,19,10,6,60.0
2024-01,2025-09,20,10,6,60.0
2024-01,2025-10,21,10,6,60.0
2024-01,2025-11,22,10,6,60.0
2024-01,2025-12,23,10,6,60.0
2024-02,2024-02,0,7,7,100.0
2024-02,2024-03,1,7,6,85.71
2024-02,2024-04,2,7,4,57.14
2024-02,2024-05,3,7,3,42.86
2024-02,2024-06,4,7,3,42.86
2024-02,2024-07,5,7,3,42.86
2024-02,2024-08,6,7,3,42.86
2024-02,2024-09,7,7,3,42.86
2024-02,2024-10,8,7,3,42.86
2024-02,2024-11,9,7,3,42.86
2024-02,2024-12,10,7,3,42.86
2024-02,2025-01,11,7,3,42.86
2024-02,2025-02,12,7,3,42.86
2024-02,2025-03,13,7,3,42.86
2024-02,2025-04,14,7,3,42.86
2024-02,2025-05,15,7,2,28.57
2024-02,2025-06,16,7,2,28.57
2024-02,2025-07,17,7,2,28.57
2024-02,2025-08,18,7,2,28.57
2024-02,2025-09,19,7,2,28.57
2024-02,2025-10,20,7,2,28.57
2024-02,2025-11,21,7,2,28.57
2024-02,2025-12,22,7,2,28.57
2024-03,2024-03,0,19,19,100.0
2024-03,2024-04,1,19,18,94.74
2024-03,2024-05,2,19,17,89.47
2024-03,2024-06,3,19,16,84.21
2024-03,2024-07,4,19,15,78.95
2024-03,2024-08,5,19,15,78.95
2024-03,2024-09,6,19,13,68.42
2024-03,2024-10,7,19,13,68.42
2024-03,2024-11,8,19,12,63.16
2024-03,2024-12,9,19,12,63.16
2024-03,2025-01,10,19,12,63.16
2024-03,2025-02,11,19,12,63.16
2024-03,2025-03,12,19,12,63.16
2024-03,2025-04,13,19,10,52.63
2024-03,2025-05,14,19,10,52.63
2024-03,2025-06,15,19,9,47.37
2024-03,2025-07,16,19,9,47.37
2024-03,2025-08,17,19,9,47.37
2024-03,2025-09,18,19,9,47.37
2024-03,2025-10,19,19,8,42.11
2024-03,2025-11,20,19,8,42.11
2024-03,2025-12,21,19,8,42.11
2024-04,2024-04,0,11,11,100.0
2024-04,2024-05,1,11,11,100.0
2024-04,2024-06,2,11,10,90.91
2024-04,2024-07,3,11,10,90.91
2024-04,2024-08,4,11,10,90.91
2024-04,2024-09,5,11,9,81.82
2024-04,2024-10,6,11,8,72.73
2024-04,2024-11,7,11,8,72.73
2024-04,2024-12,8,11,7,63.64
2024-04,2025-01,9,11,7,63.64
2024-04,2025-02,10,11,7,63.64
2024-04,2025-03,11,11,7,63.64
2024-04,2025-04,12,11,7,63.64
2024-04,2025-05,13,11,7,63.64
2024-04,2025-06,14,11,7,63.64
2024-04,2025-07,15,11,7,63.64
2024-04,2025-08,16,11,7,63.64
2024-04,2025-09,17,11,7,63.64
2024-04,2025-10,18,11,6,54.55
2024-04,2025-11,19,11,6,54.55
2024-04,2025-12,20,11,6,54.55
2024-05,2024-05,0,14,14,100.0
2024-05,2024-06,1,14,13,92.86
2024-05,2024-07,2,14,11,78.57
2024-05,2024-08,3,14,11,78.57
2024-05,2024-09,4,14,11,78.57
2024-05,2024-10,5,14,11,78.57
2024-05,2024-11,6,14,11,78.57
2024-05,2024-12,7,14,10,71.43
2024-05,2025-01,8,14,9,64.29
2024-05,2025-02,9,14,9,64.29
2024-05,2025-03,10,14,9,64.29
2024-05,2025-04,11,14,9,64.29
2024-05,2025-05,12,14,9,64.29
2024-05,2025-06,13,14,9,64.29
2024-05,2025-07,14,14,9,64.29
2024-05,2025-08,15,14,9,64.29
2024-05,2025-09,16,14,9,64.29
2024-05,2025-10,17,14,8,57.14
2024-05,2025-11,18,14,8,57.14
2024-05,2025-12,19,14,8,57.14
2024-06,2024-06,0,13,13,100.0
2024-06,2024-07,1,13,12,92.31
2024-06,2024-08,2,13,11,84.62
2024-06,2024-09,3,13,11,84.62
2024-06,2024-10,4,13,11,84.62
2024-06,2024-11,5,13,10,76.92
2024-06,2024-12,6,13,10,76.92
2024-06,2025-01,7,13,10,76.92
2024-06,2025-02,8,13,10,76.92
2024-06,2025-03,9,13,10,76.92
2024-06,2025-04,10,13,9,69.23
2024-06,2025-05,11,13,9,69.23
2024-06,2025-06,12,13,8,61.54
2024-06,2025-07,13,13,8,61.54
2024-06,2025-08,14,13,8,61.54
2024-06,2025-09,15,13,8,61.54
2024-06,2025-10,16,13,8,61.54
2024-06,2025-11,17,13,8,61.54
2024-06,2025-12,18,13,8,61.54
2024-07,2024-07,0,14,14,100.0
2024-07,2024-08,1,14,14,100.0
2024-07,2024-09,2,14,12,85.71
2024-07,2024-10,3,14,12,85.71
2024-07,2024-11,4,14,12,85.71
2024-07,2024-12,5,14,11,78.57
2024-07,2025-01,6,14,11,78.57
2024-07,2025-02,7,14,11,78.57
2024-07,2025-03,8,14,11,78.57
2024-07,2025-04,9,14,10,71.43
2024-07,2025-05,10,14,10,71.43
2024-07,2025-06,11,14,10,71.43
2024-07,2025-07,12,14,10,71.43
2024-07,2025-08,13,14,9,64.29
2024-07,2025-09,14,14,9,64.29
2024-07,2025-10,15,14,8,57.14
2024-07,2025-11,16,14,8,57.14
2024-07,2025-12,17,14,8,57.14
2024-08,2024-08,0,12,12,100.0
2024-08,2024-09,1,12,12,100.0
2024-08,2024-10,2,12,10,83.33
2024-08,2024-11,3,12,10,83.33
2024-08,2024-12,4,12,10,83.33
2024-08,2025-01,5,12,10,83.33
2024-08,2025-02,6,12,9,75.0
2024-08,2025-03,7,12,9,75.0
2024-08,2025-04,8,12,8,66.67
2024-08,2025-05,9,12,7,58.33
2024-08,2025-06,10,12,6,50.0
2024-08,2025-07,11,12,6,50.0
2024-08,2025-08,12,12,5,41.67
2024-08,2025-09,13,12,5,41.67
2024-08,2025-10,14,12,4,33.33
2024-08,2025-11,15,12,4,33.33
2024-08,2025-12,16,12,4,33.33
2024-09,2024-09,0,11,11,100.0
2024-09,2024-10,1,11,9,81.82
2024-09,2024-11,2,11,8,72.73
2024-09,2024-12,3,11,8,72.73
2024-09,2025-01,4,11,8,72.73
2024-09,2025-02,5,11,8,72.73
2024-09,2025-03,6,11,8,72.73
2024-09,2025-04,7,11,8,72.73
2024-09,2025-05,8,11,7,63.64
2024-09,2025-06,9,11,7,63.64
2024-09,2025-07,10,11,7,63.64
2024-09,2025-08,11,11,6,54.55
2024-09,2025-09,12,11,6,54.55
2024-09,2025-10,13,11,6,54.55
2024-09,2025-11,14,11,6,54.55
2024-09,2025-12,15,11,6,54.55
2024-10,2024-10,0,13,13,100.0
2024-10,2024-11,1,13,13,100.0
2024-10,2024-12,2,13,12,92.31
2024-10,2025-01,3,13,12,92.31
2024-10,2025-02,4,13,11,84.62
2024-10,2025-03,5,13,11,84.62
2024-10,2025-04,6,13,9,69.23
2024-10,2025-05,7,13,9,69.23
2024-10,2025-06,8,13,9,69.23
2024-10,2025-07,9,13,9,69.23
2024-10,2025-08,10,13,9,69.23
2024-10,2025-09,11,13,9,69.23
2024-10,2025-10,12,13,9,69.23
2024-10,2025-11,13,13,9,69.23
2024-10,2025-12,14,13,9,69.23
2024-11,2024-11,0,12,11,91.67
2024-11,2024-12,1,12,11,91.67
2024-11,2025-01,2,12,10,83.33
2024-11,2025-02,3,12,9,75.0
2024-11,2025-03,4,12,9,75.0
2024-11,2025-04,5,12,9,75.0
2024-11,2025-05,6,12,7,58.33
2024-11,2025-06,7,12,7,58.33
2024-11,2025-07,8,12,7,58.33
2024-11,2025-08,9,12,6,50.0
2024-11,2025-09,10,12,6,50.0
2024-11,2025-10,11,12,6,50.0
2024-11,2025-11,12,12,6,50.0
2024-11,2025-12,13,12,6,50.0
2024-12,2024-12,0,15,14,93.33
2024-12,2025-01,1,15,12,80.0
2024-12,2025-02,2,15,12,80.0
2024-12,2025-03,3,15,11,73.33
2024-12,2025-04,4,15,9,60.0
2024-12,2025-05,5,15,8,53.33
2024-12,2025-06,6,15,8,53.33
2024-12,2025-07,7,15,8,53.33
2024-12,2025-08,8,15,8,53.33
2024-12,2025-09,9,15,8,53.33
2024-12,2025-10,10,15,8,53.33
2024-12,2025-11,11,15,6,40.0
2024-12,2025-12,12,15,6,40.0
2025-01,2025-01,0,13,13,100.0
2025-01,2025-02,1,13,13,100.0
2025-01,2025-03,2,13,12,92.31
2025-01,2025-04,3,13,12,92.31
2025-01,2025-05,4,13,12,92.31
2025-01,2025-06,5,13,11,84.62
2025-01,2025-07,6,13,10,76.92
2025-01,2025-08,7,13,10,76.92
2025-01,2025-09,8,13,10,76.92
2025-01,2025-10,9,13,10,76.92
2025-01,2025-11,10,13,10,76.92
2025-01,2025-12,11,13,9,69.23
2025-02,2025-02,0,15,14,93.33
2025-02,2025-03,1,15,13,86.67
2025-02,2025-04,2,15,13,86.67
2025-02,2025-05,3,15,12,80.0
2025-02,2025-06,4,15,12,80.0
2025-02,2025-07,5,15,12,80.0
2025-02,2025-08,6,15,12,80.0
2025-02,2025-09,7,15,12,80.0
2025-02,2025-10,8,15,11,73.33
2025-02,2025-11,9,15,10,66.67
2025-02,2025-12,10,15,10,66.67
2025-03,2025-03,0,18,18,100.0
2025-03,2025-04,1,18,15,83.33
2025-03,2025-05,2,18,15,83.33
2025-03,2025-06,3,18,13,72.22
2025-03,2025-07,4,18,11,61.11
2025-03,2025-08,5,18,11,61.11
2025-03,2025-09,6,18,10,55.56
2025-03,2025-10,7,18,10,55.56
2025-03,2025-11,8,18,10,55.56
2025-03,2025-12,9,18,10,55.56
2025-04,2025-04,0,13,12,92.31
2025-04,2025-05,1,13,9,69.23
2025-04,2025-06,2,13,8,61.54
2025-04,2025-07,3,13,7,53.85
2025-04,2025-08,4,13,7,53.85
2025-04,2025-09,5,13,7,53.85
2025-04,2025-10,6,13,5,38.46
2025-04,2025-11,7,13,5,38.46
2025-04,2025-12,8,13,4,30.77
2025-05,2025-05,0,12,12,100.0
2025-05,2025-06,1,12,12,100.0
2025-05,2025-07,2,12,12,100.0
2025-05,2025-08,3,12,11,91.67
2025-05,2025-09,4,12,11,91.67
2025-05,2025-10,5,12,11,91.67
2025-05,2025-11,6,12,10,83.33
2025-05,2025-12,7,12,10,83.33
2025-06,2025-06,0,15,14,93.33
2025-06,2025-07,1,15,13,86.67
2025-06,2025-08,2,15,13,86.67
2025-06,2025-09,3,15,13,86.67
2025-06,2025-10,4,15,13,86.67
2025-06,2025-11,5,15,12,80.0
2025-06,2025-12,6,15,12,80.0
2025-07,2025-07,0,9,8,88.89
2025-07,2025-08,1,9,8,88.89
2025-07,2025-09,2,9,8,88.89
2025-07,2025-10,3,9,8,88.89
2025-07,2025-11,4,9,7,77.78
2025-07,2025-12,5,9,7,77.78
2025-08,2025-08,0,7,7,100.0
2025-08,2025-09,1,7,7,100.0
2025-08,2025-10,2,7,7,100.0
2025-08,2025-11,3,7,6,85.71
2025-08,2025-12,4,7,5,71.43
2025-09,2025-09,0,13,13,100.0
2025-09,2025-10,1,13,13,100.0
2025-09,2025-11,2,13,13,100.0
2025-09,2025-12,3,13,13,100.0
2025-10,2025-10,0,18,18,100.0
2025-10,2025-11,1,18,18,100.0
2025-10,2025-12,2,18,18,100.0
2025-11,2025-11,0,11,11,100.0
2025-11,2025-12,1,11,10,90.91
2025-12,2025-12,0,11,11,100.0
